checking,duration,credit_history,amount,savings,employment_duration,other_debtors,present_residence,housing,number_credits,people_liable,telephone,credit_risk
1,6,4,1169,0,4,none,4,own,2,1,1,1
2,48,1,5951,1,2,none,2,own,1,1,0,0
0,12,4,2096,1,3,none,3,own,1,2,0,1
1,42,1,7882,1,3,guarantor,4,for free,1,2,0,1
1,24,3,4870,1,2,none,4,for free,2,2,0,0
0,36,1,9055,0,2,none,4,for free,1,2,1,1
0,24,1,2835,3,4,none,4,own,1,1,0,1
2,36,1,6948,1,2,none,2,rent,1,1,1,1
0,12,1,3059,4,3,none,4,own,1,1,0,1
2,30,4,5234,1,0,none,2,own,2,1,0,0
2,12,1,1295,1,1,none,1,rent,1,1,0,0
1,48,1,4308,1,1,none,4,rent,1,1,0,0
2,12,1,1567,1,2,none,1,own,1,1,1,1
1,24,4,1199,1,4,none,4,own,2,1,0,0
1,15,1,1403,1,2,none,4,rent,1,1,0,1
1,24,1,1282,2,2,none,2,own,1,1,0,0
0,24,4,2424,0,4,none,4,own,2,1,0,1
1,30,0,8072,0,1,none,3,own,3,1,0,1
2,24,1,12579,1,4,none,2,for free,1,1,1,0
0,24,1,3430,3,4,none,2,own,1,2,1,1
0,9,4,2134,1,2,none,4,own,3,1,1,1
1,6,1,2647,3,2,none,3,rent,1,2,0,1
1,10,4,2241,1,1,none,3,rent,2,2,0,1
2,12,4,1804,2,1,none,4,own,1,1,0,1
0,10,4,2069,0,2,none,1,own,2,1,0,1
1,6,1,1374,1,2,none,2,own,1,1,1,1
0,6,0,426,1,4,none,4,own,1,1,0,1
3,12,2,409,4,2,none,3,rent,2,1,0,1
2,7,1,2415,1,2,guarantor,2,own,1,1,0,1
1,60,3,6836,1,4,none,4,own,2,1,1,0
2,18,1,1913,4,1,none,3,own,1,1,1,1
1,24,1,4020,1,2,none,2,own,1,1,0,1
2,18,1,5866,2,2,none,2,own,2,1,1,1
0,12,4,1264,0,4,none,4,rent,1,1,0,1
3,12,1,1474,1,1,none,1,own,1,1,1,1
2,45,4,4746,1,1,none,2,own,2,1,0,0
0,48,4,6110,1,2,none,3,for free,1,1,1,1
3,18,1,2100,1,2,co-applicant,2,own,1,1,0,0
3,10,1,1225,1,2,none,2,own,1,1,1,1
2,9,1,458,1,2,none,3,own,1,1,0,1
0,30,1,2333,3,4,none,2,own,1,1,0,1
2,12,1,1158,3,2,none,1,own,1,1,1,1
2,18,3,6204,1,2,none,4,own,1,2,1,1
1,30,4,6187,2,3,none,4,rent,2,1,0,1
1,48,4,6143,1,4,none,4,for free,2,1,0,0
0,11,4,1393,1,1,none,4,own,2,1,0,1
0,36,1,2299,3,4,none,4,own,1,1,0,1
1,6,1,1352,3,0,none,2,rent,1,1,1,1
0,11,4,7228,1,2,none,4,own,2,1,0,1
0,12,1,2073,2,2,co-applicant,2,own,1,1,0,1
2,24,3,2333,0,1,none,2,own,1,1,0,1
2,27,3,5965,1,4,none,2,own,2,1,1,1
0,12,1,1262,1,2,none,2,own,1,1,0,1
0,18,1,3378,0,2,none,1,own,1,1,1,1
2,36,3,2225,1,4,none,4,for free,2,1,1,0
0,6,2,783,0,2,guarantor,2,own,1,2,0,1
2,12,1,6468,0,0,none,1,own,1,1,1,0
0,36,4,9566,1,2,none,2,own,2,1,0,1
3,18,1,1961,1,4,none,2,own,1,1,0,1
1,36,4,6229,1,1,co-applicant,4,rent,2,1,1,0
2,9,1,1391,1,2,none,1,own,1,1,1,1
2,15,4,1537,0,4,guarantor,4,own,2,1,1,1
2,36,0,1953,1,4,none,4,for free,1,1,1,0
2,48,0,14421,1,2,none,2,own,1,1,1,0
0,24,1,3181,1,1,none,4,own,1,1,1,1
0,27,1,5190,0,4,none,4,own,4,2,1,1
0,12,1,2171,1,1,none,2,own,1,1,0,1
2,12,1,1007,4,2,none,1,own,1,1,0,1
0,36,1,1819,1,2,none,4,for free,1,1,1,0
0,36,1,2394,0,2,none,4,own,1,1,0,1
0,36,1,8133,1,2,none,2,own,1,1,0,1
0,7,4,730,0,4,none,2,rent,2,1,1,1
1,8,4,1164,1,4,none,4,for free,2,2,1,1
2,42,4,5954,1,3,none,1,own,2,1,0,1
1,36,1,1977,0,4,none,4,own,1,1,1,0
1,12,4,1526,1,4,none,4,for free,2,1,0,1
1,42,1,3965,1,1,none,3,own,1,1,0,0
2,11,3,4771,1,3,none,4,own,1,1,0,1
0,54,0,9436,0,2,none,2,own,1,2,0,1
2,30,1,3832,1,1,none,1,own,1,1,0,1
0,24,1,5943,0,1,none,1,own,2,1,1,0
0,15,1,1213,3,4,none,3,own,1,1,1,1
0,18,1,1568,2,2,none,4,rent,1,1,0,1
1,24,1,1755,1,4,guarantor,4,own,1,1,1,1
1,10,1,2315,1,4,none,4,own,1,1,0,1
0,12,4,1412,1,2,guarantor,2,own,2,1,1,1
2,18,4,1295,1,1,none,1,own,2,1,0,1
2,36,1,12612,2,2,none,4,for free,1,2,1,0
1,18,1,2249,2,3,none,3,own,1,2,1,1
1,12,0,1108,1,3,none,3,own,2,1,0,0
0,12,4,618,1,4,none,4,own,1,1,0,1
1,12,4,1409,1,4,none,3,own,1,1,0,1
0,12,4,797,0,4,none,3,own,1,2,0,0
3,24,4,3617,0,4,co-applicant,4,rent,2,1,0,1
2,12,1,1318,4,4,none,4,own,1,1,1,1
2,54,0,15945,1,1,none,4,rent,1,1,1,0
0,12,4,2012,0,3,none,2,own,1,1,0,1
2,18,1,2622,2,2,none,4,own,1,1,0,1
2,36,4,2337,1,4,none,4,own,1,1,0,1
2,20,3,7057,0,3,none,4,rent,2,2,1,1
0,24,1,1469,2,4,none,4,rent,1,1,0,1
2,36,1,2323,1,3,none,4,rent,1,1,0,1
0,6,3,932,1,2,none,2,own,1,1,0,1
2,9,4,1919,1,3,none,3,rent,1,1,1,1
0,12,1,2445,0,1,none,4,rent,1,1,1,1
2,24,4,11938,1,2,co-applicant,3,own,2,2,1,0
0,18,2,6458,1,4,none,4,own,2,2,1,0
2,12,1,6078,1,3,none,2,own,1,1,0,1
1,24,1,7721,0,1,none,2,own,1,1,1,1
2,14,1,1410,3,4,none,2,own,1,1,1,1
2,6,3,1449,2,4,none,2,own,2,2,0,1
3,15,1,392,1,1,none,4,rent,1,1,1,1
2,18,1,6260,1,3,none,3,rent,1,1,0,1
0,36,4,7855,1,2,none,2,own,2,1,1,0
1,12,1,1680,3,4,none,1,own,1,1,0,1
0,48,4,3578,0,4,none,1,own,1,1,1,1
1,42,1,7174,0,3,none,3,own,1,1,1,0
1,10,4,2132,0,1,co-applicant,3,rent,2,1,0,1
1,33,4,4281,3,2,none,4,own,2,1,0,0
2,12,4,2366,3,3,none,3,own,1,1,1,1
1,21,1,1835,1,2,none,2,own,2,1,1,0
0,24,4,3868,1,4,none,2,rent,2,1,1,1
0,12,1,1768,1,2,none,2,rent,1,1,0,1
3,10,4,781,1,4,none,4,for free,2,1,1,1
2,18,1,1924,0,1,none,3,rent,1,1,0,0
1,12,4,2121,1,2,none,2,own,2,1,0,1
1,12,1,701,1,2,none,2,own,1,1,0,1
2,12,1,639,1,2,none,2,own,1,1,0,0
2,12,4,1860,1,0,none,2,own,2,1,1,1
1,12,4,3499,1,2,co-applicant,2,own,2,1,0,0
2,48,1,8487,0,3,none,2,own,1,1,0,1
1,36,3,6887,1,2,none,3,own,1,1,1,0
0,15,1,2708,1,1,none,3,own,2,1,0,1
0,18,1,1984,1,2,none,4,for free,2,1,0,1
0,60,1,10144,2,3,none,4,own,1,1,1,1
0,12,4,1240,0,4,none,2,own,2,1,1,1
0,27,3,8613,4,2,none,2,own,2,1,0,1
2,12,1,766,3,2,none,3,own,1,1,0,0
2,15,4,2728,0,3,guarantor,2,own,3,1,1,1
3,12,1,1881,1,2,none,2,rent,1,1,1,1
3,6,1,709,4,1,none,2,own,1,1,0,1
2,36,1,4795,1,1,none,1,own,1,1,1,1
1,27,1,3416,1,2,none,2,own,1,1,0,1
1,18,1,2462,1,2,none,2,own,1,1,0,0
0,21,4,2288,1,1,none,4,own,1,1,1,1
2,48,2,3566,2,3,none,2,own,1,1,0,1
1,6,4,860,1,4,none,4,own,2,1,1,1
0,12,4,682,2,3,none,3,own,2,1,1,1
1,36,4,5371,1,2,guarantor,2,own,2,1,0,1
0,18,4,1582,4,4,none,4,own,2,1,0,1
0,6,1,1346,2,4,none,4,for free,1,2,1,1
0,10,1,1924,1,2,none,4,own,1,1,1,1
3,36,1,5848,1,2,none,1,own,1,1,0,1
2,24,4,7758,4,4,none,4,rent,1,1,0,1
2,24,3,6967,2,3,none,4,rent,1,1,1,1
1,12,1,1282,1,2,none,4,rent,1,1,0,0
1,9,4,1288,2,4,guarantor,4,own,2,2,0,1
1,12,2,339,1,4,none,1,own,1,1,0,1
2,24,1,3512,2,3,none,3,own,2,1,1,1
0,6,4,1898,0,2,none,2,own,2,2,0,1
0,24,4,2872,2,4,none,4,own,1,2,1,1
0,18,4,1055,1,1,none,1,own,2,1,0,1
0,15,1,1262,3,3,none,3,own,2,1,1,1
2,10,1,7308,1,0,none,4,for free,1,1,1,1
0,36,1,909,3,4,none,4,own,1,1,0,1
0,6,1,2978,3,2,none,2,own,1,1,1,1
1,18,1,1131,1,0,none,2,own,1,1,0,0
2,11,1,1577,4,1,none,1,own,1,1,0,1
0,24,1,3972,1,3,none,4,rent,1,1,1,1
2,24,4,1935,1,4,none,4,own,2,1,1,0
1,15,0,950,1,4,none,3,rent,2,2,0,0
0,12,1,763,1,2,none,1,own,1,1,1,1
2,24,3,2064,1,0,none,2,own,1,1,1,0
2,8,1,1414,1,2,guarantor,2,own,1,1,0,1
1,21,3,3414,1,1,none,1,own,2,1,0,0
0,30,2,7485,0,0,none,1,own,1,1,1,0
1,12,1,2577,1,2,none,1,own,1,1,0,1
1,6,4,338,3,4,none,4,own,2,1,0,1
0,12,1,1963,1,3,none,2,rent,2,2,1,1
1,21,4,571,1,4,none,4,own,2,1,0,1
0,36,3,9572,1,1,none,1,own,2,1,0,0
2,36,3,4455,1,2,none,2,own,2,1,1,0
1,21,2,1647,0,2,none,2,own,2,2,0,0
0,24,4,3777,4,2,none,4,own,1,1,1,1
2,18,4,884,1,4,none,4,own,1,2,1,0
0,15,4,1360,1,2,none,2,own,2,1,0,1
2,9,2,5129,1,4,none,4,for free,1,2,1,0
2,16,4,1175,1,0,none,3,for free,3,1,1,1
1,12,1,674,2,3,none,1,own,1,1,0,0
2,18,0,3244,1,2,none,4,own,2,1,1,1
0,24,1,4591,4,2,none,3,own,3,1,1,0
2,48,0,3844,2,3,none,4,for free,1,2,0,0
2,27,1,3915,1,2,none,2,own,1,2,1,0
0,6,1,2108,1,3,none,2,rent,1,1,0,1
2,45,1,3031,2,2,guarantor,4,rent,1,1,0,0
2,9,4,1501,1,4,none,3,own,2,1,1,0
0,6,4,1382,1,2,none,1,own,2,1,1,1
2,12,1,951,2,1,none,4,rent,4,1,0,0
2,24,1,2760,0,4,none,4,for free,1,1,1,1
2,18,3,4297,1,4,none,3,own,1,1,1,0
0,9,4,936,3,4,none,2,own,2,1,1,1
1,12,1,1168,1,2,none,3,own,1,1,0,1
0,27,3,5117,1,3,none,4,own,2,1,0,1
1,12,1,902,1,3,none,4,rent,1,1,0,0
0,12,4,1495,1,4,none,1,own,2,2,0,1
1,30,4,10623,1,4,none,4,for free,3,2,1,1
0,12,4,1935,1,4,none,4,own,3,1,1,1
2,12,4,1424,1,3,none,3,own,1,1,0,1
1,24,1,6568,1,2,none,2,own,1,1,0,1
0,12,1,1413,4,3,none,2,own,1,1,0,1
0,9,4,3074,0,2,none,2,own,2,2,0,1
0,36,1,3835,0,4,none,4,own,1,1,1,1
1,27,0,5293,1,0,none,4,own,2,1,1,0
3,30,3,1908,1,4,none,4,own,1,1,1,0
0,36,4,3342,0,4,none,2,own,1,1,1,1
2,6,4,932,0,3,none,3,own,2,1,0,1
1,18,0,3104,1,3,none,1,own,1,1,1,1
3,36,1,3913,1,2,none,2,own,1,1,1,1
1,24,1,3021,1,2,none,2,rent,1,1,0,1
0,10,1,1364,1,2,none,4,own,1,1,1,1
2,12,1,625,1,1,guarantor,1,own,1,1,0,1
1,12,1,1200,0,2,none,4,rent,1,1,1,1
0,12,1,707,1,2,none,2,own,2,1,0,1
0,24,3,2978,0,2,none,4,own,2,2,1,1
0,15,1,4657,1,2,none,2,own,1,1,1,1
0,36,0,2613,1,2,none,2,own,2,1,0,1
2,48,1,10961,4,3,co-applicant,2,own,2,1,1,0
1,12,1,7865,1,4,none,4,for free,1,1,1,0
0,9,1,1478,1,3,none,2,own,1,1,0,0
1,24,1,3149,1,1,none,1,for free,1,1,0,1
3,36,1,4210,1,2,none,2,own,1,1,0,0
0,9,1,2507,3,4,none,4,for free,1,1,0,1
0,12,1,2141,2,3,none,1,own,1,1,0,1
2,18,1,866,1,2,guarantor,2,own,1,1,0,1
0,4,4,1544,1,3,none,1,own,3,2,0,1
1,24,1,1823,1,0,none,2,own,1,2,0,0
2,6,1,14555,0,0,none,2,own,1,1,1,0
2,21,1,2767,2,4,none,2,rent,2,1,0,0
0,12,4,1291,1,2,none,2,own,2,1,0,1
1,30,1,2522,1,4,guarantor,3,own,1,2,0,1
1,24,1,915,0,4,none,2,own,1,1,0,0
0,6,1,1595,1,3,none,2,own,1,2,0,1
1,48,0,4605,1,4,none,4,for free,2,2,0,0
0,12,4,1185,1,2,none,2,own,2,1,0,1
0,12,2,3447,3,2,none,3,own,1,2,0,1
0,24,1,1258,1,3,none,1,own,1,1,1,1
0,12,4,717,1,4,none,4,own,3,1,0,1
0,6,0,1204,2,2,none,1,rent,1,1,0,1
3,24,1,1925,1,2,none,2,own,1,1,0,1
0,18,1,433,1,0,co-applicant,4,rent,1,1,0,0
1,6,4,666,4,3,none,4,own,2,1,1,1
3,12,1,2251,1,2,none,2,own,1,1,0,1
2,30,1,2150,1,2,guarantor,2,own,1,1,0,0
0,24,3,4151,2,2,none,3,own,2,1,0,1
2,9,1,2030,0,3,none,1,own,1,1,1,1
2,60,3,7418,0,2,none,1,own,1,1,0,1
0,24,4,2684,1,2,none,2,own,2,1,0,1
1,12,2,2149,1,2,none,1,for free,1,1,0,0
0,15,1,3812,2,1,none,4,own,1,1,1,1
0,11,4,1154,2,0,none,4,own,3,1,0,1
1,12,1,1657,1,2,none,2,own,1,1,0,1
1,24,1,1603,1,4,none,4,own,1,1,0,1
1,18,4,5302,1,4,none,4,for free,3,1,1,1
0,12,4,2748,1,4,none,4,for free,3,1,0,1
0,10,4,1231,1,4,none,4,own,2,2,0,1
2,15,1,802,1,4,none,3,own,1,2,0,0
0,36,4,6304,0,4,none,4,own,2,1,0,1
0,24,1,1533,1,1,none,3,own,1,1,1,1
1,14,1,8978,1,4,none,4,own,1,1,1,0
0,24,1,999,0,4,none,2,own,2,1,0,1
0,18,1,2662,0,3,none,3,own,1,1,0,1
0,12,4,1402,3,3,none,4,rent,1,1,1,1
2,48,2,12169,0,0,co-applicant,4,for free,1,1,1,1
2,48,1,3060,1,3,none,4,own,2,1,0,0
1,30,1,11998,1,1,none,1,own,1,1,1,0
0,9,1,2697,1,2,none,2,own,1,2,0,1
0,18,4,2404,1,2,none,2,own,2,1,0,1
1,12,1,1262,0,4,none,4,own,1,1,1,1
0,6,1,4611,1,1,none,4,own,1,1,0,0
0,24,1,1901,2,2,none,4,rent,1,1,1,1
0,15,4,3368,4,4,none,4,rent,2,1,1,1
0,12,1,1574,1,2,none,2,own,1,1,0,1
3,18,2,1445,0,3,none,4,own,1,1,0,1
0,15,4,1520,0,4,none,4,own,1,1,0,1
2,24,4,3878,2,1,none,2,own,1,1,1,1
1,47,1,10722,1,1,none,1,own,1,1,1,1
1,48,1,4788,1,3,none,3,own,1,2,0,1
2,48,3,7582,2,0,none,4,for free,1,1,1,1
2,12,1,1092,1,2,guarantor,4,own,2,1,1,1
1,24,3,1024,1,1,none,4,own,1,1,0,0
0,12,1,1076,1,2,none,2,own,1,1,1,1
2,36,1,9398,1,1,none,4,rent,1,1,1,0
1,24,4,6419,1,4,none,4,for free,2,2,1,1
3,42,4,4796,1,4,none,4,for free,1,1,0,1
0,48,4,7629,0,4,none,2,own,2,2,0,1
2,48,1,9960,1,1,none,2,own,1,1,1,0
0,12,1,4675,0,1,none,4,rent,1,1,0,1
0,10,1,1287,0,4,co-applicant,2,own,1,1,0,1
0,18,1,2515,1,2,none,4,own,1,1,1,1
2,21,4,2745,4,3,none,2,own,2,1,1,1
0,6,1,672,1,0,none,4,own,1,1,1,1
2,36,0,3804,1,2,none,1,own,1,1,1,0
3,24,4,1344,0,3,none,2,own,2,2,0,0
1,10,4,1038,1,3,co-applicant,3,own,2,1,1,1
0,48,4,10127,3,2,none,2,for free,1,1,0,0
0,6,1,1543,4,2,none,2,own,1,1,0,1
0,30,1,4811,0,3,none,4,rent,1,1,0,1
1,12,1,727,2,1,none,3,own,1,1,1,0
2,8,1,1237,1,2,none,4,own,1,1,0,0
2,9,1,276,1,2,none,4,rent,1,1,0,1
2,48,1,5381,0,0,none,4,for free,1,1,1,1
0,24,1,5511,2,2,none,1,own,1,1,0,1
3,24,1,3749,1,1,none,4,own,1,1,0,1
2,12,1,685,1,3,none,3,own,1,1,0,0
3,4,1,1494,0,1,none,2,own,1,2,0,1
1,36,2,2746,1,4,none,4,own,1,1,0,0
1,12,1,708,1,2,guarantor,3,own,1,2,0,1
2,24,1,4351,0,2,none,4,own,1,1,1,1
0,12,4,701,1,2,none,2,own,2,1,0,1
1,15,3,3643,1,4,none,4,own,2,1,0,1
2,30,4,4249,1,0,none,2,own,2,1,0,0
1,24,1,1938,1,1,none,3,own,1,1,0,0
1,24,1,2910,1,3,none,1,for free,1,1,1,1
1,18,1,2659,4,2,none,2,own,1,1,0,1
0,18,4,1028,1,2,none,3,own,2,1,0,1
1,8,4,3398,1,3,none,4,own,2,1,0,1
0,12,4,5801,0,4,none,4,rent,1,1,1,1
0,24,1,1525,4,3,none,3,own,1,2,1,1
3,36,1,4473,1,4,none,2,own,1,1,0,1
2,6,1,1068,1,4,none,4,own,1,2,0,1
1,24,4,6615,1,0,none,4,for free,2,1,1,1
0,18,4,1864,2,2,none,2,own,2,1,0,0
2,60,1,7408,2,1,none,2,own,1,1,0,0
0,48,4,11590,2,2,none,4,rent,2,1,0,0
1,24,0,4110,1,4,none,4,rent,2,2,0,0
1,6,4,3384,1,2,none,4,rent,1,1,1,0
2,13,1,2101,1,1,guarantor,4,own,1,1,0,1
1,15,1,1275,0,2,none,2,rent,1,1,0,0
1,24,1,4169,1,2,none,4,own,1,1,0,1
2,10,1,1521,1,2,none,2,own,1,1,0,1
2,24,4,5743,1,1,none,4,for free,2,1,1,1
1,21,1,3599,1,3,none,4,rent,1,1,0,1
2,18,1,3213,3,1,none,3,rent,1,1,0,1
2,18,1,4439,1,4,co-applicant,1,own,1,1,1,1
3,10,1,3949,1,1,guarantor,1,own,1,2,0,1
0,15,4,1459,1,2,none,2,own,1,1,0,1
2,13,4,882,1,1,guarantor,4,own,2,1,0,1
2,24,1,3758,3,0,none,4,rent,1,1,0,1
0,6,3,1743,2,2,none,2,own,2,1,0,1
2,9,4,1136,4,4,none,3,for free,2,2,0,0
0,9,1,1236,1,1,none,4,rent,1,1,1,1
2,9,1,959,1,2,none,2,own,1,1,0,0
0,18,4,3229,0,0,none,4,own,1,1,1,1
1,12,0,6199,1,2,none,2,rent,2,1,1,0
0,10,1,727,3,4,none,4,for free,1,1,1,1
2,24,1,1246,1,1,none,2,own,1,1,0,0
0,12,4,2331,0,4,co-applicant,4,own,1,1,1,1
0,36,3,4463,1,2,none,2,own,2,1,1,0
0,12,1,776,1,2,none,2,own,1,1,0,1
1,30,1,2406,1,3,none,4,rent,1,1,0,0
2,18,1,1239,0,2,none,4,for free,1,1,0,1
3,12,1,3399,0,4,none,3,own,1,1,0,1
3,12,3,2247,1,2,none,2,own,2,1,1,1
0,6,1,1766,1,2,none,2,rent,1,1,0,1
1,18,1,2473,1,0,none,1,own,1,1,0,0
0,12,1,1542,1,3,none,4,own,1,1,1,1
0,18,4,3850,1,3,none,1,own,2,1,0,1
1,18,1,3650,1,1,none,4,rent,1,1,0,1
1,36,1,3446,1,4,none,2,own,1,2,0,0
2,18,1,3001,1,3,none,4,rent,1,1,0,1
0,36,1,3079,0,2,none,4,own,1,1,0,1
0,18,4,6070,1,4,none,4,own,2,1,1,1
0,10,4,2146,1,1,none,3,rent,2,1,0,1
0,60,4,13756,0,4,none,4,for free,1,1,1,1
2,60,2,14782,2,4,none,4,for free,2,1,1,0
1,48,2,7685,1,3,guarantor,4,rent,1,1,0,0
0,18,3,2320,1,0,none,3,own,2,1,0,1
0,7,3,846,0,4,none,4,for free,1,1,0,1
2,36,1,14318,1,4,none,2,for free,1,1,1,0
0,6,4,362,2,2,none,4,own,2,1,0,1
1,20,1,2212,0,3,none,4,own,1,1,1,1
2,18,1,12976,1,0,none,4,for free,1,1,1,0
0,22,1,1283,0,3,none,4,rent,1,1,0,1
3,12,1,1330,1,1,none,1,own,1,1,0,1
0,30,3,4272,2,2,none,2,own,2,1,0,1
0,18,4,2238,1,2,none,1,own,2,1,0,1
0,18,1,1126,0,1,none,2,rent,1,1,1,1
2,18,4,7374,1,0,none,4,own,2,1,1,1
2,15,4,2326,3,2,none,4,own,1,1,0,1
0,9,1,1449,1,3,none,2,own,2,1,0,1
0,18,1,1820,1,2,none,2,own,1,1,1,1
2,12,1,983,4,1,none,4,rent,1,1,0,1
1,36,1,3249,1,3,none,4,for free,1,2,1,1
1,6,4,1957,1,3,none,4,own,1,1,0,1
0,9,4,2406,1,0,none,3,own,1,1,0,1
2,39,3,11760,2,3,none,3,rent,1,1,1,1
1,12,1,2578,1,0,none,4,for free,1,1,0,1
1,36,4,2348,1,2,none,2,own,2,1,1,1
2,12,1,1223,1,4,none,1,rent,2,1,0,0
0,24,4,1516,4,2,none,1,own,2,1,0,1
0,18,1,1473,1,1,none,4,own,1,1,1,1
2,18,4,1887,0,2,none,4,own,2,1,0,1
0,24,3,8648,1,1,none,2,own,2,1,1,0
0,14,3,802,1,2,none,2,own,2,1,0,1
2,18,3,2899,0,4,none,4,own,1,2,0,1
2,24,1,2039,1,1,none,1,own,1,1,1,0
0,24,4,2197,0,3,none,4,own,2,2,1,1
1,15,1,1053,1,1,none,2,own,1,1,0,1
0,24,1,3235,3,4,none,2,own,1,1,1,1
3,12,4,939,3,3,none,2,own,3,1,1,0
2,24,1,1967,1,4,none,4,own,1,1,1,1
0,33,4,7253,1,3,none,2,own,2,1,1,1
0,12,4,2292,1,0,none,2,own,2,1,1,0
0,10,1,1597,3,2,none,2,rent,1,2,0,1
1,24,1,1381,0,2,none,2,own,1,1,0,0
0,36,4,5842,1,4,none,2,own,2,2,1,1
1,12,1,2579,1,1,none,1,own,1,2,0,0
1,18,3,8471,0,2,none,2,rent,2,1,1,1
0,21,1,2782,3,3,none,2,own,1,1,0,1
2,18,1,1042,0,2,none,2,own,1,1,0,0
0,15,1,3186,4,3,none,3,rent,1,1,0,1
2,12,1,2028,0,2,none,2,own,1,1,0,1
2,12,4,958,1,3,none,3,own,2,2,0,1
0,21,3,1591,2,3,none,3,own,2,1,0,1
2,12,1,2762,0,4,none,2,own,1,1,1,0
2,18,1,2779,1,2,none,3,rent,1,1,1,1
0,28,4,2743,1,4,none,2,own,2,1,0,1
0,18,4,1149,4,2,none,3,own,2,1,0,1
0,9,1,1313,1,4,none,4,own,1,1,0,1
1,18,4,1190,1,0,none,4,for free,3,2,0,0
0,5,1,3448,1,3,none,4,own,1,1,0,1
2,24,1,11328,1,2,co-applicant,3,own,2,1,1,0
1,6,4,1872,1,0,none,4,for free,3,1,1,1
0,24,4,2058,1,2,none,2,own,2,1,1,1
1,9,1,2136,1,2,none,2,own,1,1,0,1
2,12,1,1484,0,2,none,1,own,1,1,1,0
0,6,1,660,3,3,none,4,rent,1,1,0,1
0,24,4,1287,4,4,none,4,own,2,1,1,1
1,42,4,3394,1,0,co-applicant,4,own,2,1,0,1
3,12,2,609,1,1,none,1,own,1,1,0,0
0,12,1,1884,1,4,none,4,own,1,1,1,1
1,12,1,1620,1,2,co-applicant,3,own,1,1,0,1
2,20,3,2629,1,2,none,3,own,2,1,1,1
0,12,1,719,1,4,none,4,own,1,2,0,0
2,48,4,5096,1,2,none,3,own,1,1,1,0
0,9,4,1244,0,4,none,4,rent,2,1,0,1
1,36,1,1842,1,1,none,4,own,1,1,1,0
2,7,1,2576,1,2,guarantor,2,own,1,1,0,1
3,12,1,1424,0,4,none,4,own,1,1,1,1
2,15,3,1512,4,2,none,3,own,2,1,0,0
0,36,4,11054,0,2,none,2,own,1,1,1,1
0,6,1,518,1,2,none,1,own,1,1,0,1
0,12,0,2759,1,4,none,4,own,2,1,0,1
0,24,1,2670,1,4,none,4,own,1,1,1,1
1,24,1,4817,1,3,co-applicant,3,own,1,1,1,0
0,24,1,2679,1,1,none,1,own,1,1,1,1
1,11,4,3905,1,2,none,2,rent,2,2,0,1
1,12,1,3386,1,4,none,4,for free,1,1,1,0
1,6,1,343,1,1,none,1,own,1,1,0,1
0,18,1,4594,1,1,none,2,own,1,1,1,1
1,36,1,3620,1,2,guarantor,2,own,1,2,0,1
1,15,1,1721,1,1,none,3,own,1,1,0,1
2,12,1,3017,1,1,none,1,rent,1,1,0,1
2,12,1,754,0,4,none,4,own,2,1,0,1
0,18,1,1950,1,3,none,1,own,2,1,1,1
1,24,1,2924,1,2,guarantor,4,own,1,2,1,1
1,24,3,1659,1,1,none,2,rent,1,1,1,0
0,48,3,7238,0,4,none,3,own,2,2,0,1
0,33,3,2764,1,2,none,2,own,2,1,1,1
0,24,3,4679,1,3,none,3,own,2,1,1,1
2,24,1,3092,2,1,none,2,rent,1,1,1,0
1,6,1,448,1,1,none,4,own,1,1,0,0
1,9,1,654,1,2,none,3,own,1,1,0,0
0,6,1,1238,0,0,none,4,own,1,2,1,1
2,18,4,1245,1,2,none,2,own,1,1,0,0
1,18,0,3114,1,1,none,4,rent,1,1,0,0
0,39,1,2569,3,2,none,4,own,1,1,0,1
3,24,1,5152,1,3,none,2,own,1,1,0,1
2,12,1,1037,2,3,none,4,own,1,1,0,1
1,15,4,1478,1,4,none,4,own,2,2,1,1
2,12,4,3573,1,2,none,1,own,1,1,0,1
2,24,1,1201,1,1,none,1,own,1,1,0,1
1,30,1,3622,4,4,none,4,rent,2,1,1,1
0,15,3,960,4,3,none,2,own,2,1,0,1
0,12,4,1163,3,2,none,4,own,1,1,1,1
2,6,3,1209,1,0,none,4,own,1,1,1,0
0,12,1,3077,1,2,none,4,own,1,1,1,1
0,24,1,3757,1,4,co-applicant,4,for free,1,1,1,1
0,10,1,1418,2,2,none,2,rent,1,1,0,1
0,6,1,3518,1,2,guarantor,3,rent,1,1,0,1
0,12,4,1934,1,4,none,2,own,2,1,0,1
2,27,0,8318,1,4,none,4,for free,2,1,1,0
0,6,4,1237,2,2,none,1,own,2,1,0,1
2,6,1,368,0,4,none,4,own,1,1,0,1
1,12,4,2122,1,2,none,2,rent,2,2,0,1
1,24,1,2996,0,2,none,4,own,1,1,0,0
2,36,1,9034,2,1,co-applicant,1,rent,1,1,1,0
0,24,4,1585,1,3,none,3,own,2,1,0,1
2,18,1,1301,1,4,guarantor,2,own,1,1,0,1
3,6,4,1323,2,4,none,4,own,2,2,1,1
1,24,1,3123,1,1,none,1,own,1,1,0,0
1,36,1,5493,1,4,none,4,for free,1,2,0,1
3,9,1,1126,2,4,none,4,own,1,1,0,1
2,24,4,1216,2,1,none,4,own,2,2,0,0
1,24,1,1207,1,1,none,4,rent,1,1,0,0
0,10,1,1309,0,2,guarantor,4,own,1,1,0,0
3,15,4,2360,3,2,none,2,own,1,1,1,1
2,15,2,6850,2,0,none,2,own,1,2,1,0
0,24,1,1413,1,2,none,2,own,1,1,0,1
0,39,1,8588,2,4,none,2,own,1,1,1,1
1,12,1,759,1,3,none,2,own,1,1,0,0
0,36,1,4686,1,2,none,2,for free,1,1,1,1
3,15,1,2687,1,3,none,4,rent,1,1,1,1
2,12,3,585,1,2,co-applicant,4,rent,2,1,0,1
0,24,1,2255,0,1,none,1,own,1,1,0,1
1,6,4,609,1,3,none,3,own,2,1,0,1
1,6,4,1361,1,1,none,4,own,1,2,0,1
0,36,4,7127,1,1,none,4,rent,2,1,1,0
1,6,1,1203,2,4,none,2,own,1,1,1,1
0,6,4,700,0,4,none,4,for free,2,1,0,1
0,24,4,5507,1,4,none,4,for free,2,1,0,1
1,18,1,3190,1,2,none,2,own,1,1,0,0
1,48,0,7119,1,2,none,4,for free,2,2,0,0
0,24,1,3488,2,3,none,4,own,1,1,0,1
2,18,1,1113,1,2,guarantor,4,own,1,2,0,1
2,26,1,7966,1,1,none,3,own,2,1,0,1
0,15,4,1532,2,2,none,3,own,1,1,0,1
0,4,4,1503,1,3,none,1,own,2,2,0,1
1,36,1,2302,1,2,none,4,rent,1,1,0,0
1,6,1,662,1,1,none,4,own,1,2,1,1
2,36,1,2273,1,3,none,1,own,2,2,0,1
2,15,1,2631,2,2,none,4,rent,2,1,1,0
0,12,3,1503,1,2,none,4,rent,1,1,0,1
0,24,1,1311,2,3,none,3,own,1,1,1,1
0,24,1,3105,0,1,none,2,own,2,1,0,1
3,21,4,2319,1,1,none,1,rent,1,1,0,0
1,6,1,1374,0,0,none,3,own,1,1,1,1
2,18,4,3612,1,4,none,4,own,1,1,1,1
1,48,1,7763,1,4,none,4,for free,1,1,0,0
3,18,1,3049,1,1,none,1,own,1,1,0,1
2,12,1,1534,1,1,none,1,rent,1,1,0,0
0,24,3,2032,1,4,none,4,for free,2,1,1,1
1,30,1,6350,0,4,none,4,own,1,1,0,0
3,18,1,2864,1,2,none,1,own,1,2,0,0
0,12,4,1255,1,4,none,4,own,2,1,0,1
1,24,3,1333,1,0,none,2,for free,2,2,0,0
0,24,4,2022,1,2,none,4,own,1,1,1,1
0,24,1,1552,1,3,none,1,own,1,2,0,1
1,12,2,626,1,2,none,4,own,1,1,0,0
0,48,4,8858,0,3,none,1,for free,2,1,1,1
0,12,4,996,0,3,none,4,own,2,1,0,1
0,6,2,1750,3,4,none,4,own,1,2,0,1
1,48,1,6999,1,3,guarantor,1,own,2,1,1,0
2,12,4,1995,2,1,none,1,own,1,1,0,1
2,9,1,1199,1,3,none,4,own,2,1,1,1
2,12,1,1331,1,1,none,1,own,1,1,0,0
2,18,0,2278,2,1,none,3,own,2,1,0,0
0,21,0,5003,0,2,none,4,own,2,1,1,0
1,24,2,3552,1,3,none,4,own,1,1,0,0
2,18,4,1928,1,1,none,2,own,2,1,0,0
1,24,1,2964,0,4,none,4,for free,1,2,1,1
1,24,2,1546,1,3,guarantor,4,rent,1,1,0,0
3,6,3,683,1,1,none,1,own,1,1,0,1
2,36,1,12389,0,2,none,4,for free,1,1,1,0
2,24,3,4712,0,2,none,2,own,2,1,1,1
2,24,3,1553,2,3,none,2,rent,2,1,1,1
1,12,1,1372,1,3,none,3,own,1,1,0,0
0,24,4,2578,4,4,none,2,own,1,1,0,1
2,48,1,3979,0,3,none,1,own,2,2,1,1
1,48,1,6758,1,2,none,2,own,1,1,1,0
1,24,1,3234,1,1,none,4,rent,1,1,1,0
0,30,4,5954,1,3,co-applicant,2,own,1,1,0,1
0,24,1,5433,0,0,none,4,rent,1,1,1,1
1,15,1,806,1,2,none,4,own,1,1,0,1
2,9,1,1082,1,4,none,4,own,2,1,0,1
0,15,4,2788,1,3,co-applicant,3,own,2,1,0,1
2,12,1,2930,1,3,none,1,own,1,1,0,1
0,24,4,1927,0,2,none,2,own,2,1,1,1
2,36,4,2820,1,1,none,4,own,2,1,0,0
0,24,1,937,1,1,none,3,own,2,1,0,1
2,18,4,1056,1,4,guarantor,3,own,2,1,0,0
2,12,4,3124,1,1,none,3,own,2,2,0,1
0,9,1,1388,1,2,none,2,rent,1,1,0,1
2,36,1,2384,1,1,none,1,rent,1,1,0,0
0,12,1,2133,0,4,none,4,for free,1,1,1,1
1,18,1,2039,1,2,none,4,rent,1,1,0,0
1,9,4,2799,1,2,none,2,rent,2,2,0,1
1,12,1,1289,1,2,guarantor,1,own,1,1,0,1
1,18,1,1217,1,2,none,3,own,1,1,1,0
1,12,4,2246,1,4,none,3,own,2,1,0,0
1,12,4,385,1,3,none,3,own,4,1,1,1
2,24,3,1965,0,2,none,4,rent,2,1,1,1
0,21,1,1572,4,4,none,4,own,1,1,0,1
2,24,1,2718,1,2,none,4,rent,1,1,1,0
1,24,2,1358,0,4,none,3,own,1,1,1,0
2,6,2,931,2,1,none,1,own,1,1,0,0
1,24,1,1442,1,3,none,4,rent,2,1,0,0
2,24,0,4241,1,2,none,4,own,3,1,1,0
0,18,4,2775,1,3,none,2,own,2,1,0,0
0,24,3,3863,1,2,none,2,for free,1,1,0,1
2,7,1,2329,1,1,guarantor,1,own,1,1,0,1
2,9,1,918,1,2,none,1,own,1,1,0,0
2,24,2,1837,1,3,none,4,for free,1,1,0,0
0,36,1,3349,1,2,none,2,own,1,1,1,0
3,10,1,1275,1,1,none,2,own,1,1,0,1
1,24,2,2828,3,2,none,4,own,1,1,1,1
0,24,4,4526,1,2,none,2,own,1,1,1,1
2,36,1,2671,2,2,co-applicant,4,for free,1,1,0,0
0,18,1,2051,1,1,none,1,own,1,1,0,1
0,15,1,1300,0,4,none,4,for free,1,2,0,1
1,12,1,741,2,0,none,3,own,1,1,0,0
3,10,1,1240,2,4,none,4,for free,1,2,0,0
1,21,1,3357,4,1,none,2,own,1,1,0,1
1,24,2,3632,1,2,guarantor,4,rent,1,1,0,1
0,18,3,1808,1,3,none,1,own,1,1,0,0
2,48,0,12204,0,2,none,2,own,1,1,1,1
2,60,3,9157,0,2,none,2,for free,1,1,0,1
1,6,4,3676,1,2,none,3,rent,3,2,0,1
2,30,1,3441,2,2,co-applicant,4,rent,1,1,0,0
0,12,1,640,1,2,none,2,own,1,1,0,1
2,21,4,3652,1,3,none,3,own,2,1,0,1
0,18,4,1530,1,2,none,2,own,2,1,0,0
0,48,1,3914,0,2,none,2,own,1,1,0,0
1,12,1,1858,1,1,none,1,rent,1,1,0,1
1,18,1,2600,1,2,none,4,for free,2,1,0,0
0,15,1,1979,0,4,none,2,own,1,1,0,1
3,6,1,2116,1,2,none,2,own,1,1,1,1
2,9,2,1437,2,3,none,3,own,1,1,0,0
0,42,4,4042,3,2,none,4,own,2,1,1,1
0,9,1,3832,0,4,none,4,own,1,1,0,1
1,24,1,3660,1,2,none,4,own,1,1,0,1
1,18,2,1553,1,2,none,3,own,1,1,0,0
2,15,1,1444,0,1,none,1,own,1,1,0,1
0,9,1,1980,1,1,co-applicant,2,rent,2,1,0,0
2,24,1,1355,1,1,none,4,own,1,1,1,0
0,12,1,1393,1,4,none,4,own,3,2,1,1
0,24,1,1376,3,3,none,1,own,1,1,0,1
0,60,3,15653,1,3,none,4,own,2,1,1,1
0,12,1,1493,1,1,none,3,own,1,2,0,1
1,42,3,4370,1,3,none,2,own,2,2,1,0
1,18,1,750,1,0,none,1,own,1,1,0,0
2,15,1,1308,1,4,none,4,own,2,1,0,1
0,15,1,4623,2,2,none,2,own,1,1,1,0
0,24,4,1851,1,3,guarantor,2,own,2,1,1,1
1,18,4,1880,1,3,none,1,own,2,1,1,1
0,36,3,7980,0,1,none,4,rent,2,1,1,0
1,30,0,4583,1,2,guarantor,2,own,2,1,0,1
0,12,1,1386,3,2,none,2,own,1,1,0,0
3,24,1,947,1,3,none,3,for free,1,2,0,0
1,12,1,684,1,2,none,4,rent,1,2,0,0
1,48,1,7476,1,3,none,1,for free,1,1,1,1
2,12,1,1922,1,2,none,2,own,1,1,0,0
1,24,1,2303,1,4,co-applicant,1,own,1,1,0,0
2,36,3,8086,2,4,none,4,own,4,1,1,0
0,24,4,2346,1,3,none,3,own,2,1,1,1
1,14,1,3973,1,0,none,4,for free,1,1,0,1
2,12,1,888,1,4,none,4,own,1,2,0,0
0,48,1,10222,0,3,none,3,own,1,1,1,1
2,30,0,4221,1,2,none,1,own,2,1,0,1
2,18,4,6361,1,4,none,1,own,1,1,1,1
3,12,1,1297,1,2,none,4,rent,1,1,0,1
1,12,1,900,0,2,none,2,own,1,1,0,0
0,21,1,2241,1,4,none,2,own,2,1,0,1
2,6,3,1050,1,0,none,1,own,2,1,1,1
3,6,4,1047,1,2,none,4,own,1,1,0,1
0,24,4,6314,1,0,co-applicant,2,own,2,1,1,1
2,30,2,3496,4,2,none,2,own,1,2,1,1
0,48,2,3609,1,2,none,1,own,1,1,0,1
1,12,4,4843,1,4,co-applicant,4,rent,2,1,1,0
3,30,4,3017,1,4,none,4,own,1,1,0,1
0,24,4,4139,2,2,none,3,own,2,1,1,1
0,36,1,5742,2,3,none,2,own,2,1,1,1
0,60,1,10366,1,4,none,4,own,1,1,1,1
0,6,4,2080,3,2,none,2,own,1,1,0,1
0,21,3,2580,3,1,none,2,own,1,2,0,0
0,30,4,4530,1,3,none,4,rent,1,1,1,1
0,24,4,5150,1,4,none,4,own,1,1,1,1
2,72,1,5595,2,2,none,2,own,1,1,0,0
1,24,1,2384,1,4,none,4,rent,1,1,0,1
0,18,1,1453,1,1,none,1,own,1,1,0,1
0,6,1,1538,1,1,none,2,own,1,1,0,1
0,12,1,2279,0,2,none,4,for free,1,1,1,1
0,15,3,1478,1,2,none,3,own,2,1,0,1
0,24,4,5103,1,1,none,3,for free,3,1,1,1
2,36,3,9857,2,3,none,3,own,2,2,1,1
0,60,1,6527,0,2,none,4,for free,1,2,1,1
3,10,4,1347,0,3,none,2,own,2,1,1,1
2,36,3,2862,2,4,none,3,for free,1,1,0,1
0,9,1,2753,2,4,co-applicant,4,own,1,1,1,1
1,12,1,3651,4,2,none,3,own,1,2,0,1
1,15,4,975,1,2,none,3,own,2,1,0,1
2,15,1,2631,2,2,none,2,own,1,1,0,1
2,24,1,2896,2,1,none,1,own,1,1,0,1
1,6,4,4716,0,1,none,3,own,2,2,0,1
0,24,1,2284,1,3,none,2,own,1,1,1,1
0,6,1,1236,3,2,none,4,rent,1,1,0,1
2,12,1,1103,1,3,guarantor,3,own,2,1,0,1
0,12,4,926,1,0,none,2,own,1,1,0,1
0,18,4,1800,1,2,none,2,own,2,1,0,1
3,15,1,1905,1,4,none,4,rent,1,1,1,1
0,12,1,1123,3,2,none,4,rent,1,1,0,0
1,48,4,6331,1,4,none,4,for free,2,1,1,0
3,24,1,1377,2,4,none,2,for free,1,1,1,1
2,30,3,2503,2,4,none,2,own,2,1,0,1
2,27,1,2528,1,1,none,1,own,1,2,1,1
0,15,1,5324,3,4,none,4,for free,1,1,0,1
2,48,1,6560,2,3,none,2,own,1,1,0,0
2,12,0,2969,1,1,none,3,rent,2,1,0,0
2,9,1,1206,1,4,none,4,own,1,1,0,1
2,9,1,2118,1,2,none,2,own,1,2,0,1
0,18,4,629,3,4,none,3,own,2,1,1,1
1,6,2,1198,1,4,none,4,for free,1,1,0,0
0,21,1,2476,0,4,none,4,own,1,1,1,1
1,9,4,1138,1,2,none,4,own,2,1,0,1
2,60,1,14027,1,3,none,2,own,1,1,1,0
0,30,4,7596,0,4,none,4,own,2,1,0,1
0,30,4,3077,0,4,none,2,own,2,2,1,1
0,18,1,1505,1,2,none,2,for free,1,1,1,1
3,24,4,3148,0,2,none,2,own,2,1,1,1
2,20,0,6148,2,4,none,4,own,2,1,1,1
3,9,0,1337,1,1,none,2,own,2,1,1,0
2,6,2,433,4,1,none,2,rent,1,2,0,0
1,12,1,1228,1,2,none,2,own,1,1,0,0
2,9,1,790,3,2,none,3,own,1,1,0,1
0,27,1,2570,1,2,none,3,rent,1,1,0,0
0,6,4,250,4,2,none,2,own,2,1,0,1
0,15,4,1316,3,2,none,2,own,2,1,0,1
1,18,1,1882,1,2,none,4,rent,2,1,0,0
2,48,2,6416,1,4,none,3,rent,1,1,0,0
3,24,4,1275,4,2,none,4,own,2,1,1,1
2,24,3,6403,1,1,none,2,own,1,1,0,1
1,24,1,1987,1,2,none,4,rent,1,2,0,0
2,8,1,760,1,3,guarantor,2,own,1,1,0,1
0,24,1,2603,4,2,none,4,rent,1,1,1,1
0,4,4,3380,1,3,none,1,own,1,2,0,1
2,36,2,3990,0,1,none,2,own,1,1,0,1
2,24,1,11560,1,2,none,4,rent,2,1,0,0
1,18,1,4380,2,2,none,4,own,1,2,1,1
0,6,4,6761,1,3,none,3,own,2,2,1,1
2,30,0,4280,2,2,none,4,rent,2,1,0,0
1,24,2,2325,2,3,none,3,own,1,1,0,1
2,10,2,1048,1,2,none,4,own,1,1,0,1
0,21,1,3160,0,4,none,3,own,1,1,1,1
1,24,2,2483,3,2,none,4,own,1,1,1,1
1,39,4,14179,0,3,none,4,own,2,1,1,1
1,13,4,1797,1,1,none,1,own,2,1,0,1
1,15,1,2511,1,0,none,4,rent,1,1,0,1
1,12,1,1274,1,1,none,1,own,1,1,0,0
0,21,1,5248,0,2,none,3,own,1,1,0,1
0,15,1,3029,1,3,none,2,own,1,1,0,1
1,6,1,428,1,4,none,1,own,1,1,1,1
1,18,1,976,1,1,none,2,own,1,1,0,0
2,12,1,841,2,3,none,4,rent,1,1,0,1
0,30,4,5771,1,3,none,2,own,2,1,0,1
0,12,3,1555,4,4,none,4,for free,2,2,0,0
1,24,1,1285,0,3,none,4,rent,1,1,0,0
3,6,4,1299,1,2,none,1,own,3,2,0,1
3,15,4,1271,0,2,none,4,for free,2,1,1,0
0,24,1,1393,1,2,guarantor,2,own,1,1,1,1
1,12,4,691,1,4,none,3,own,2,1,0,0
0,15,4,5045,0,4,none,4,own,1,1,1,1
1,18,4,2124,1,2,none,4,rent,2,1,0,0
1,12,1,2214,1,2,none,3,own,1,1,0,1
0,21,4,12680,0,4,none,4,for free,1,1,1,0
0,24,4,2463,2,3,none,3,own,2,1,1,1
2,12,1,1155,1,4,guarantor,3,own,2,1,0,1
1,30,1,3108,1,1,none,4,own,1,1,0,0
0,10,1,2901,0,1,none,4,rent,1,1,0,1
2,12,4,3617,1,4,none,4,rent,3,1,1,1
0,12,4,1655,1,4,none,4,own,2,1,1,1
1,24,1,2812,0,4,none,4,rent,1,1,0,1
1,36,4,8065,1,2,none,2,own,2,1,1,0
0,21,4,3275,1,4,none,4,own,1,1,1,1
0,24,4,2223,2,4,none,4,own,2,1,0,1
3,12,4,1480,3,0,none,4,for free,3,1,0,1
1,24,1,1371,0,2,none,4,rent,1,1,0,0
0,36,4,3535,1,3,none,4,own,2,1,1,1
1,18,1,3509,1,3,guarantor,1,own,1,1,0,1
0,36,4,5711,4,4,none,2,own,2,1,1,1
2,18,1,3872,1,0,none,4,own,1,1,1,1
2,39,4,4933,1,3,guarantor,2,own,2,1,0,0
0,24,4,1940,4,4,none,4,own,1,1,1,1
2,12,0,1410,1,2,none,2,own,1,1,1,1
2,12,1,836,2,1,none,2,own,1,1,0,0
2,20,1,6468,0,0,none,4,own,1,1,1,1
2,18,1,1941,4,2,none,2,own,1,1,1,1
0,22,1,2675,3,4,none,4,own,1,1,0,1
0,48,4,2751,0,4,none,3,own,2,2,1,1
2,48,3,6224,1,4,none,4,for free,1,1,0,0
1,40,4,5998,1,2,none,3,own,1,1,1,0
2,21,1,1188,1,4,none,4,own,1,2,0,0
0,24,1,6313,0,4,none,4,own,1,2,1,1
0,6,4,1221,0,2,none,2,own,2,1,0,1
3,24,1,2892,1,4,none,4,for free,1,1,0,1
0,24,1,3062,3,4,none,3,rent,1,1,1,1
0,9,1,2301,2,1,none,4,rent,1,1,0,1
1,18,1,7511,0,4,none,4,for free,1,2,1,0
0,12,4,1258,1,1,none,4,rent,2,1,0,1
0,24,3,717,0,4,none,4,own,2,1,1,1
2,9,1,1549,0,1,none,2,own,1,1,0,1
0,24,4,1597,1,4,none,4,for free,2,2,0,1
2,18,4,1795,1,4,guarantor,4,rent,2,1,1,1
1,20,4,4272,1,4,none,4,own,2,1,0,1
0,12,4,976,0,4,none,4,own,2,1,0,1
2,12,1,7472,0,0,none,2,rent,1,1,0,1
1,36,1,9271,1,3,none,1,own,1,1,1,0
2,6,1,590,1,1,none,3,own,1,1,0,1
0,12,4,930,0,4,none,4,own,4,1,0,1
2,42,2,9283,1,0,none,2,for free,1,1,1,1
2,15,0,1778,1,1,none,1,rent,2,1,0,0
2,8,1,907,1,1,none,2,own,1,1,1,1
2,6,1,484,1,3,guarantor,3,own,1,1,0,1
1,36,4,9629,1,3,none,4,own,2,1,1,0
1,48,1,3051,1,2,none,4,own,1,1,0,0
1,48,1,3931,1,3,none,4,for free,1,2,0,0
2,36,3,7432,1,2,none,2,rent,1,1,0,1
0,6,1,1338,3,2,none,4,own,1,1,0,1
0,6,4,1554,1,3,none,2,rent,2,1,1,1
1,36,1,15857,1,0,co-applicant,3,own,1,1,0,1
1,18,1,1345,1,2,none,3,own,1,1,0,0
0,12,1,1101,1,2,none,2,own,2,1,1,1
3,12,1,3016,1,2,none,1,own,1,1,0,1
1,36,1,2712,1,4,none,2,own,1,2,0,0
1,8,4,731,1,4,none,4,own,2,1,0,1
0,18,4,3780,1,1,none,2,own,2,1,1,1
1,21,4,1602,1,4,none,3,own,2,1,1,1
1,18,4,3966,1,4,none,4,rent,3,1,1,0
0,18,0,4165,1,2,none,2,own,2,2,0,0
1,36,1,8335,0,4,none,4,for free,1,1,0,0
2,48,3,6681,0,2,none,4,for free,1,2,1,1
0,24,3,2375,3,2,none,2,own,2,2,1,1
1,18,1,1216,1,1,none,3,rent,1,1,1,0
1,45,0,11816,1,4,none,4,rent,2,1,0,0
2,24,1,5084,0,4,none,4,own,1,1,1,1
3,15,1,2327,1,1,none,3,own,1,1,0,0
1,12,0,1082,1,2,none,4,own,2,1,0,0
0,12,1,886,0,2,none,2,own,1,1,0,1
0,4,1,601,1,1,none,3,rent,1,2,0,1
1,24,4,2957,1,4,none,4,own,2,1,1,1
0,24,4,2611,1,4,co-applicant,3,own,2,1,0,1
1,36,1,5179,1,3,none,2,own,1,1,0,0
0,21,3,2993,1,2,none,2,own,2,1,0,1
0,18,1,1943,1,1,none,4,own,1,1,0,0
0,24,2,1559,1,3,none,4,own,1,1,1,1
0,18,1,3422,1,4,none,4,own,3,2,1,1
2,21,1,3976,0,3,none,3,own,1,1,1,1
0,18,1,6761,0,2,none,4,rent,2,1,0,0
0,24,1,1249,1,1,none,2,own,1,1,0,1
1,9,1,1364,1,3,none,4,own,1,1,0,1
1,12,1,709,1,4,none,4,own,1,1,0,0
1,20,4,2235,1,2,guarantor,2,rent,2,1,0,0
0,24,4,4042,0,3,none,4,own,2,1,1,1
0,15,4,1471,1,2,none,4,for free,2,1,1,1
1,18,2,1442,1,3,none,4,for free,2,2,0,0
0,36,3,10875,1,4,none,2,own,2,2,1,1
0,24,1,1474,2,1,none,3,own,1,1,1,1
0,10,1,894,0,3,none,3,own,1,1,1,1
0,15,4,3343,1,2,none,2,for free,1,1,1,1
1,15,1,3959,1,2,none,2,own,1,1,1,0
0,9,1,3577,2,2,guarantor,2,rent,1,2,0,1
0,24,4,5804,4,2,none,2,own,2,1,0,1
0,18,3,2169,1,2,none,2,own,1,1,1,0
1,24,1,2439,1,1,none,4,own,1,1,1,0
0,27,4,4526,4,1,none,2,own,2,2,1,1
0,10,1,2210,1,2,none,2,rent,1,1,0,0
0,15,1,2221,3,2,none,4,rent,1,1,0,1
1,18,1,2389,1,1,none,1,own,1,1,0,1
0,12,4,3331,1,4,none,4,own,1,1,0,1
0,36,1,7409,0,4,none,2,own,2,1,0,1
1,12,1,652,1,4,none,4,rent,1,1,0,1
0,36,3,7678,3,3,none,4,own,2,1,1,1
3,6,4,1343,1,4,none,4,own,2,2,0,1
1,24,4,1382,2,3,none,1,own,2,1,1,1
0,15,1,874,0,1,none,1,own,1,1,0,1
1,12,1,3590,1,2,co-applicant,2,own,1,2,0,1
2,11,4,1322,4,2,none,4,own,2,1,0,1
1,18,2,1940,1,1,co-applicant,4,for free,1,1,1,1
0,36,1,3595,1,4,none,2,own,1,1,0,1
1,9,1,1422,1,1,none,2,for free,1,1,1,0
0,30,4,6742,0,3,none,3,own,2,1,0,1
0,24,1,7814,1,3,none,3,own,1,1,1,1
0,24,1,9277,0,2,none,4,for free,1,1,1,1
2,30,4,2181,0,4,none,4,own,2,1,0,1
0,18,4,1098,1,0,none,4,own,2,1,0,1
2,24,1,4057,1,3,none,3,own,1,1,1,0
1,12,1,795,1,1,none,4,own,1,1,0,0
2,24,4,2825,0,3,none,3,own,2,2,1,1
2,48,1,15672,1,2,none,2,own,1,1,1,0
0,36,4,6614,1,4,none,4,own,2,1,1,1
0,28,2,7824,0,1,guarantor,4,rent,2,2,1,1
1,27,4,2442,1,4,none,4,own,4,2,1,1
0,15,4,1829,1,4,none,4,own,2,1,1,1
1,12,4,2171,1,2,none,4,own,2,1,0,1
2,36,4,5800,1,2,none,4,own,2,1,1,1
0,18,4,1169,0,2,none,3,own,2,1,1,1
0,36,3,8947,0,3,none,2,own,1,2,1,1
1,21,1,2606,1,1,none,4,rent,1,1,1,1
0,12,4,1592,4,3,none,2,own,1,1,0,1
0,15,1,2186,0,3,none,4,rent,1,1,0,1
1,18,1,4153,1,2,co-applicant,3,own,1,1,0,0
1,16,4,2625,1,4,guarantor,4,rent,1,1,1,0
0,20,4,3485,0,1,none,4,own,2,1,1,1
0,36,4,10477,0,4,none,4,for free,2,1,0,1
0,15,1,1386,0,2,none,2,rent,1,1,1,1
0,24,1,1278,1,4,none,1,own,1,1,1,1
1,12,1,1107,1,2,none,2,rent,1,2,1,1
1,21,1,3763,0,3,co-applicant,2,own,1,1,0,1
2,36,1,3711,0,2,none,2,own,1,1,0,1
0,15,3,3594,1,1,none,2,own,2,1,0,1
2,9,1,3195,0,2,none,2,own,1,1,0,1
0,36,3,4454,1,2,none,4,own,2,1,0,1
2,24,4,4736,1,1,none,4,own,1,1,0,0
2,30,1,2991,0,4,none,4,own,1,1,0,1
0,11,1,2142,4,4,none,2,own,1,1,1,1
1,24,2,3161,1,2,none,2,rent,1,1,1,0
2,48,0,18424,1,2,none,2,own,1,1,1,0
0,10,1,2848,2,2,co-applicant,2,own,1,2,0,1
1,6,1,14896,1,4,none,4,own,1,1,1,0
1,24,1,2359,2,0,none,1,own,1,1,0,0
1,24,1,3345,1,4,none,2,rent,1,1,1,0
0,18,4,1817,1,2,none,2,own,2,1,0,1
0,48,3,12749,3,3,none,1,own,1,1,1,1
1,9,1,1366,1,1,none,4,rent,1,1,0,0
2,12,1,2002,1,3,none,4,rent,1,2,1,1
1,24,2,6872,1,1,none,1,own,1,1,1,0
1,12,2,697,1,1,none,2,own,2,1,1,0
1,18,4,1049,1,1,none,4,rent,1,1,0,1
1,48,1,10297,1,3,none,4,for free,3,2,1,0
0,30,1,1867,0,4,none,4,own,1,1,1,1
1,12,3,1344,1,2,none,2,own,2,2,0,1
1,24,1,1747,1,1,co-applicant,1,own,1,1,0,1
2,9,1,1670,1,1,none,2,own,1,1,1,0
0,9,4,1224,1,2,none,1,own,2,1,0,1
0,12,4,522,3,4,none,4,own,2,2,1,1
1,12,1,1498,1,2,none,1,own,1,1,0,1
2,30,3,1919,2,1,none,3,own,2,1,0,0
3,9,1,745,1,2,none,2,own,1,1,0,0
2,6,1,2063,1,1,none,3,rent,1,1,1,1
2,60,1,6288,1,2,none,4,for free,1,1,0,0
0,24,4,6842,0,2,none,4,own,2,2,1,1
0,12,1,3527,0,1,none,3,own,1,2,1,1
0,10,1,1546,1,2,none,2,own,1,2,0,1
0,24,1,929,0,3,none,2,own,1,1,1,1
0,4,4,1455,1,3,none,1,own,3,2,0,1
1,15,1,1845,1,1,guarantor,1,rent,1,1,0,1
2,48,0,8358,3,1,none,1,own,2,1,0,1
1,24,2,3349,3,1,none,4,for free,1,2,1,0
0,12,1,2859,0,0,none,4,own,1,1,1,1
0,18,1,1533,1,1,co-applicant,1,own,1,2,0,0
0,24,1,3621,2,4,none,4,own,2,1,0,0
2,18,4,3590,1,0,none,3,own,3,2,1,1
1,36,3,2145,1,3,none,1,own,2,1,1,0
2,24,1,4113,3,1,none,4,rent,1,1,0,0
0,36,1,10974,1,0,none,2,own,2,1,1,0
1,12,1,1893,1,2,guarantor,4,own,1,1,1,1
1,24,4,1231,4,4,none,4,rent,2,1,1,1
3,30,4,3656,0,4,none,4,own,2,1,0,1
2,9,4,1154,1,4,none,4,own,3,1,0,1
1,28,1,4006,1,2,none,2,own,1,1,0,0
2,24,1,3069,2,4,none,4,for free,1,1,0,1
0,6,4,1740,1,4,none,2,rent,2,1,0,1
2,21,3,2353,1,2,none,4,own,2,1,0,1
0,15,1,3556,0,2,none,2,own,1,1,0,1
0,24,1,2397,3,4,none,2,own,2,1,1,0
2,6,1,454,1,1,none,1,own,1,1,0,1
2,30,1,1715,0,2,none,1,own,1,1,0,1
2,27,4,2520,3,2,none,2,own,2,1,0,0
0,15,1,3568,1,4,none,2,rent,1,1,1,1
0,42,1,7166,0,3,none,4,rent,1,1,1,1
1,11,4,3939,1,2,none,2,own,2,2,0,1
2,15,1,1514,2,2,guarantor,2,own,1,1,0,1
0,24,1,7393,1,2,none,4,own,1,2,0,1
1,24,2,1193,1,0,co-applicant,4,rent,2,1,0,0
1,60,1,7297,1,4,co-applicant,4,rent,1,1,0,0
0,30,4,2831,1,2,none,2,own,1,1,1,1
3,24,1,1258,3,2,none,3,own,1,1,0,1
2,6,1,753,1,2,guarantor,3,own,1,1,0,1
2,18,3,2427,0,4,none,2,own,2,1,0,1
0,24,3,2538,1,4,none,4,own,2,2,0,0
2,15,2,1264,2,2,none,2,rent,1,1,0,0
2,30,4,8386,1,3,none,2,own,1,1,0,0
0,48,1,4844,1,0,none,2,rent,1,1,1,0
3,21,1,2923,2,2,none,1,own,1,1,1,1
1,36,1,8229,1,2,none,2,own,1,2,0,0
0,24,4,2028,1,3,none,2,own,2,1,0,1
1,15,4,1433,1,2,none,3,rent,2,1,0,1
3,42,0,6289,1,1,none,1,own,2,1,0,1
0,13,1,1409,2,0,none,4,own,1,1,0,1
1,24,1,6579,1,0,none,2,for free,1,1,1,1
2,24,4,1743,1,4,none,2,own,2,1,0,1
0,12,4,3565,0,1,none,1,own,2,2,0,1
0,15,2,1569,2,4,none,4,own,1,2,0,1
1,18,1,1936,0,3,none,4,rent,2,1,0,1
1,36,1,3959,1,0,none,3,own,1,1,1,1
0,12,1,2390,0,4,none,3,own,1,1,1,1
0,12,1,1736,1,3,none,4,own,1,1,0,1
1,30,1,3857,1,2,none,4,own,1,1,1,1
0,12,1,804,1,4,none,4,own,1,1,0,1
1,45,1,1845,1,2,none,4,for free,1,1,1,0
2,45,4,4576,2,0,none,4,own,1,1,0,1